STATIONS_ID,MESS_DATUM,QN_3,FX.Windspitze,FM.Windgeschwindigkeit,QN_4,RSK.Niederschlagshoehe,RSKF.Niederschlagsform,SDK.Sonnenscheindauer,SHK_TAG.Schneehoehe,NM.Bedeckungsgrad,VPM.Dampfdruck,PM.Luftdruck,TMK.Lufttemperatur,UPM.Relative_Feuchte,TXK.Lufttemperatur_Max,TNK.Lufttemperatur_Min,TGK.Lufttemperatur_5cm_min,eor
1580,2021-10-16T00:00:00Z,10,4.6,1.5,3,0,0,5.55,0,4.1,8.9,1008.61,8.4,82.58,14.6,2.8,0.7,eor
1580,2021-10-17T00:00:00Z,10,4.3,1.4,3,0,0,2.067,0,7.6,8.9,1008.27,8.9,79.79,14.6,4.7,2.4,eor
1580,2021-10-18T00:00:00Z,10,5.4,1.3,3,5.1,6,0.65,0,6.5,9.4,1011.7,7.3,91.63,12.1,4.2,2.5,eor
1580,2021-10-19T00:00:00Z,10,3.6,1.1,3,2,6,2.75,0,5.8,11.3,1008.7,9.1,97.33,14,6.2,5.5,eor
1580,2021-10-20T00:00:00Z,10,11.5,2.2,3,1.5,6,0.533,0,7.8,13.8,997.29,13.3,89.21,19,6.9,5.5,eor
1580,2021-10-21T00:00:00Z,10,26.4,6.8,3,3,6,3.967,0,5.9,9.9,992.8,11.9,71.63,16.4,4.3,1.6,eor
1580,2021-10-22T00:00:00Z,10,14.4,3.6,3,0.2,6,6.817,0,3.4,8.1,1006.38,7.9,77.21,12,2,-0.1,eor
1580,2021-10-23T00:00:00Z,10,3.9,1.6,3,0,0,0.367,0,5.5,9.2,1014.71,7.8,86.83,12.3,2.9,0.5,eor
1580,2021-10-24T00:00:00Z,10,5.9,1.5,3,0,0,7.333,0,2.8,7.9,1012.48,6,86.42,13.5,2,-0.3,eor
1580,2021-10-25T00:00:00Z,10,3.5,0.9,3,0,6,3.3,0,6,8.1,1008.18,4.7,94.17,11.2,0.1,-1.8,eor
1580,2021-10-26T00:00:00Z,10,7.7,1.9,3,0,0,5.483,0,6.9,10.6,1009.87,11,81.96,16.9,6.3,4.2,eor
1580,2021-10-27T00:00:00Z,10,4.1,1.3,3,0.1,4,4.283,0,7.3,10.9,1011.98,10.5,86.13,16.8,6.2,3.9,eor
1580,2021-10-28T00:00:00Z,10,4.7,1.4,3,0.1,6,0,0,7.9,10.1,1006.97,7.3,98.33,8.3,6,3.8,eor
1580,2021-10-29T00:00:00Z,10,4.9,1.8,3,0,0,0.017,0,5.9,9.7,1000.34,7.3,95.38,9.6,4.9,2.8,eor
1580,2021-10-30T00:00:00Z,10,5.6,1.4,3,2.7,6,0,0,7.5,9.5,995.26,6.8,95.96,8.7,4.8,2.2,eor
1580,2021-10-31T00:00:00Z,10,7.3,1.6,3,1.2,6,0.117,0,7.8,12.8,992.82,11.9,91.79,15.8,7.2,5.4,eor
1580,2021-11-01T00:00:00Z,10,9.8,2.1,3,0.1,6,3.733,0,6,10.7,989.94,10.4,84.83,14.8,4.8,2.8,eor
1580,2021-11-02T00:00:00Z,10,4.5,1.1,3,8.7,6,0.317,0,7.7,9.7,989.01,6.9,96.96,9,4.8,3.3,eor
1580,2021-11-03T00:00:00Z,10,6.7,1.8,3,10.2,6,0,0,7.6,10.1,987.53,7.5,96.92,9.3,5.1,4.7,eor
1580,2021-11-04T00:00:00Z,10,9.3,2.2,3,0.2,6,0,0,7.8,8.9,993.49,7.8,84.46,9.7,6.3,5.2,eor
1580,2021-11-05T00:00:00Z,10,7.3,1.5,3,0.5,6,1.333,0,7.3,9,1009.42,7.6,86.38,11,4.8,2.9,eor
1580,2021-11-06T00:00:00Z,10,5.8,1.5,3,0,6,6.367,0,5.2,8.9,1015.33,6.8,90.21,12.8,3.9,2.1,eor
1580,2021-11-07T00:00:00Z,10,9.8,3.3,3,0,6,0,0,6.7,8.7,1006.69,7,85.96,9.2,4.1,2.3,eor
1580,2021-11-08T00:00:00Z,10,6,1.4,3,0,6,2.333,0,6.4,8.4,1010.3,6.9,84.88,11.4,2.8,0.3,eor
1580,2021-11-09T00:00:00Z,10,6.7,1.7,3,0,0,7.817,0,5.1,7.9,1013.9,6.5,82.04,11.6,2.3,-0.4,eor
1580,2021-11-10T00:00:00Z,10,3.6,1.3,3,0,0,2.4,0,6.6,6.9,1012.1,3,91.38,7.8,0.4,-1.7,eor
1580,2021-11-11T00:00:00Z,10,3.9,1.2,3,0,6,0,0,7.6,6.8,1011.71,1.5,99.13,3.8,-0.8,-1.9,eor
1580,2021-11-12T00:00:00Z,10,3.9,1.4,3,0.1,6,0,0,8,6.8,1007.33,1.7,98.29,2.2,1.2,1.7,eor
1580,2021-11-13T00:00:00Z,10,3.8,1.3,3,7.8,6,0,0,7.8,7.9,1002.48,3.8,97.04,6.5,1.6,1.8,eor
1580,2021-11-14T00:00:00Z,10,6.3,1.5,3,0,6,0,0,7.5,9.9,1007.52,8.4,90.17,10.2,6.5,4.9,eor
1580,2021-11-15T00:00:00Z,10,6.4,2.1,3,0,6,0,0,8,8.7,1010.7,8.3,79.88,9.1,7.2,6.8,eor
1580,2021-11-16T00:00:00Z,10,4.9,1.3,3,0,6,0,0,8,8.4,1009,6.6,86.54,7.2,5.5,5.2,eor
1580,2021-11-17T00:00:00Z,10,5.7,1.9,3,0.2,6,0,0,7,8.3,1010.13,6.5,85.21,8.5,4.1,1.6,eor
1580,2021-11-18T00:00:00Z,10,8.6,1.6,3,0,0,3.7,0,7.5,8.3,1016.93,5.7,90.46,10.7,3,1,eor
1580,2021-11-19T00:00:00Z,10,5.3,1.4,3,0,0,0,0,8,9.8,1017.75,8.6,87.54,10.6,5.7,4.8,eor
1580,2021-11-20T00:00:00Z,10,4.3,1.1,3,0,6,0,0,7.4,9.6,1011.57,8.2,88.21,11,4,2.2,eor
1580,2021-11-21T00:00:00Z,10,6.6,1.6,3,0.2,6,0,0,7.8,8.8,1000.42,6.7,90.04,8.2,5.5,5.4,eor
1580,2021-11-22T00:00:00Z,10,11.2,2.5,3,0,0,2.867,0,3.8,6.8,1009.82,5.6,74,8.3,0.2,-3.8,eor
1580,2021-11-23T00:00:00Z,10,4.3,1.4,3,0,0,6.25,0,3.2,6,1016.32,3.2,78.58,7.6,-1.8,-5.1,eor
1580,2021-11-24T00:00:00Z,10,5.5,1.4,3,0,0,1.217,0,6.6,7,1008.48,4.3,84.38,6.3,1.9,-2,eor
1580,2021-11-25T00:00:00Z,10,4.7,1.1,3,0,6,0.75,0,7.6,5.9,998.54,2.6,80.67,4.6,0.4,-1.8,eor
1580,2021-11-26T00:00:00Z,10,8,2.2,3,2.3,6,0,0,7.8,6.3,986.32,2.7,85.83,4.8,0.8,-1.5,eor
1580,2021-11-27T00:00:00Z,10,8.2,2.1,3,0,6,3.8,0,6.8,6.5,978.24,3.4,83.38,6.2,0.9,-1.5,eor
1580,2021-11-28T00:00:00Z,10,8.3,1.9,3,0.9,8,0,0,7.8,6.6,984.33,2.7,89.46,4,1.9,1.2,eor
1580,2021-11-29T00:00:00Z,10,10.1,2.9,3,1.1,6,0.5,0,6.9,6.1,994.95,2.6,82.25,4.5,0.9,-1.8,eor
1580,2021-11-30T00:00:00Z,10,12.9,5,3,1,6,0,0,7.4,7.4,997.52,5.5,81,8.1,2.7,1.9,eor
1580,2021-12-01T00:00:00Z,10,11.8,4.9,3,4.1,6,0,0,6.7,8.4,986.7,7.1,82.46,9,5.8,4.1,eor
1580,2021-12-02T00:00:00Z,10,9.6,2.5,3,1.3,8,0.817,0,6.5,6.6,989.77,3.7,82.79,6.1,0.5,-2,eor
1580,2021-12-03T00:00:00Z,10,8.6,3,3,0.8,8,1.4,0,6.1,5.6,998.45,1.4,82.33,3.2,-2.2,-4.8,eor
1580,2021-12-04T00:00:00Z,10,11.8,2.2,3,0.1,6,0,0,7.5,6.9,986.3,2.9,91.63,6.3,1,-0.3,eor
1580,2021-12-05T00:00:00Z,10,5.8,1.8,3,0,6,1.25,0,7.3,6.7,991.53,3.8,84.33,6.5,0.7,-1.1,eor
1580,2021-12-06T00:00:00Z,10,6,1.7,3,0.2,8,5.167,0,5.9,6.3,999.94,2.2,88.83,4.9,-0.7,-3.6,eor
1580,2021-12-07T00:00:00Z,10,10.8,2.9,3,0.1,8,1.733,0,7.5,6.5,995.43,4.2,78.58,6.6,1.8,0.2,eor
1580,2021-12-08T00:00:00Z,10,6.9,1.9,3,0,0,0,0,7.8,6.9,987.83,3.5,87.67,4.8,1.5,-0.4,eor
1580,2021-12-09T00:00:00Z,10,8.6,1.9,3,0,6,0.083,0,7.6,6.3,992.67,2.5,86.88,4.4,-0.2,-2.1,eor
1580,2021-12-10T00:00:00Z,10,7.5,1.9,3,3.3,8,0.367,0,7.5,6,983.92,1.8,86.71,4.2,0.6,-1.4,eor
1580,2021-12-11T00:00:00Z,10,8.6,1.8,3,0,6,1.683,,6.5,6.3,1002.46,3.2,82.25,4.7,-0.1,-1.8,eor
1580,2021-12-12T00:00:00Z,10,5.5,1.5,3,0,6,0,,7.6,7,1012.89,3.5,88.04,5.9,-0.3,-2.5,eor
1580,2021-12-13T00:00:00Z,10,3.3,0.8,3,0,6,0.083,,7.8,8.7,1015.34,6.7,88.54,8.3,4.3,1.5,eor
1580,2021-12-14T00:00:00Z,10,4.3,0.9,3,0,6,0,,8,8.7,1015.46,7,87.17,8.3,5.4,3.5,eor
1580,2021-12-15T00:00:00Z,10,2.4,0.7,3,0,6,0.533,0,8,8.6,1019.42,6.9,86.75,8.4,5.5,4,eor
1580,2021-12-16T00:00:00Z,10,3.5,0.8,3,0,6,0.35,0,7.8,9.2,1023.62,8,85.88,10,6.2,5.2,eor
1580,2021-12-17T00:00:00Z,10,5.2,1.4,3,0,0,0.033,0,6.5,8.3,1025.66,7.2,81.54,8.4,2.8,-0.3,eor
1580,2021-12-18T00:00:00Z,10,5.7,1.4,3,0,6,0,0,6.5,7.2,1024.6,3.8,89.92,4.9,1.6,-0.9,eor
1580,2021-12-19T00:00:00Z,10,10,2.3,3,0,0,0,0,8,7.5,1016.75,6,80.75,6.8,4.4,4.3,eor
1580,2021-12-20T00:00:00Z,10,5.7,2,3,0,0,6.383,0,3.7,5.6,1013.39,3.9,68.75,7.1,-2.1,-5.5,eor
1580,2021-12-21T00:00:00Z,10,4,1.3,3,0,0,7.55,0,0,4.3,1012.84,-1.5,79.17,3.5,-4.4,-7.2,eor
1580,2021-12-22T00:00:00Z,10,3.5,0.9,3,0,0,6.267,0,5.7,4.2,1012.13,-3.2,86.13,0.8,-6.2,-8.9,eor
1580,2021-12-23T00:00:00Z,10,7.7,1.2,3,0,6,0.067,0,7.7,5,1001.32,-1.2,87.29,7.9,-5.8,-7.8,eor
1580,2021-12-24T00:00:00Z,10,9.5,2.5,3,3.2,6,0.067,0,7.9,8.9,993.24,8.1,82.29,9.9,5.4,3.4,eor
1580,2021-12-25T00:00:00Z,10,6.4,1.7,3,3.4,8,0,0,7.8,7.4,993.31,3.8,91.13,6.1,1.2,0.9,eor
1580,2021-12-26T00:00:00Z,10,5.2,2,3,4.3,6,0,0,7.8,6,994.58,1.3,89.25,2.6,0.5,0.3,eor
1580,2021-12-27T00:00:00Z,10,5.3,1.3,3,4.7,6,0,0,7.9,8.2,989.61,4.5,96.38,6.8,2.5,2.4,eor
1580,2021-12-28T00:00:00Z,10,12.7,2.7,3,3.5,6,0.183,0,7.3,9.6,984.31,8.5,86.96,11.3,6.5,5.2,eor
1580,2021-12-29T00:00:00Z,10,10,2.6,3,4.4,6,0.017,0,7.8,10.1,994.88,9.6,84.38,13.3,8.3,7.5,eor
1580,2021-12-30T00:00:00Z,10,9.7,2.7,3,0,6,0.233,0,7.7,12.6,1005.15,13.1,83.29,16.5,10.2,8.4,eor
1580,2021-12-31T00:00:00Z,10,8.5,1.9,3,0,0,4.883,0,5.9,11.3,1009.24,11.2,84.75,13.7,7.8,4.5,eor
1580,2022-01-01T00:00:00Z,10,6.1,1.3,3,0,0,0.683,0,7.7,11.1,1012.55,10.2,89.17,12,7,4.7,eor
1580,2022-01-02T00:00:00Z,10,13,1.7,3,5.3,6,2.283,0,7.6,9.8,1004.84,9,86.38,13,6,6.2,eor
1580,2022-01-03T00:00:00Z,10,14.4,2.6,3,15.8,6,0.233,0,7,9.9,1000.19,9.7,82.33,12,8.3,6,eor
1580,2022-01-04T00:00:00Z,10,8,1.7,3,14.3,6,0,0,7.5,9.3,986.23,7.2,91.54,8.7,6,5.1,eor
1580,2022-01-05T00:00:00Z,10,13.8,4,3,0,6,2.067,0,6.5,6,994.25,3.9,73.21,6.7,1.6,-0.7,eor
1580,2022-01-06T00:00:00Z,10,7.4,2.5,3,0,8,2.867,0,5.3,6,1005.52,3.3,77.92,6.7,-0.8,-3,eor
1580,2022-01-07T00:00:00Z,10,8.8,2.4,3,13.3,8,0.133,0,7.8,6,1002.43,2,85.29,3.9,-0.6,-2.5,eor
1580,2022-01-08T00:00:00Z,10,7.1,2.6,3,4.7,6,2.367,1,7.3,6.1,995.55,2.2,86.13,3.5,0.1,-0.7,eor
1580,2022-01-09T00:00:00Z,10,14.5,3.5,3,0.1,6,3.8,0,6.9,6.6,988.25,4.7,77.75,7.2,2.6,-0.5,eor
1580,2022-01-10T00:00:00Z,10,7,2.6,3,0,0,7.55,0,2.6,5.9,1008.13,2.1,83.33,5.8,-1.2,-4.1,eor
1580,2022-01-11T00:00:00Z,10,4.2,1.3,3,0,0,0.95,0,7.1,5.6,1020.37,-0.1,92.21,3.1,-3,-5,eor
1580,2022-01-12T00:00:00Z,10,7.4,2,3,0,0,3.867,0,5.9,5.7,1025.56,1.6,83.08,5.4,-1.3,-3.7,eor
1580,2022-01-13T00:00:00Z,10,4,1.3,3,0,0,0,0,7.8,5.8,1027.69,0.8,89.96,1.7,-0.6,-0.8,eor
1580,2022-01-14T00:00:00Z,10,3.9,1,3,0,0,0,0,8,5.7,1022.57,-0.7,98.13,0.5,-1.7,-1.2,eor
1580,2022-01-15T00:00:00Z,10,4.6,1.7,3,0,6,0,0,7.9,6.4,1016.21,1.2,96.13,2.1,-0.7,-0.4,eor
1580,2022-01-16T00:00:00Z,10,6.8,2.5,3,0.5,8,0,0,7.7,6.2,1013.84,2.2,85.79,3.7,0.8,0.5,eor
1580,2022-01-17T00:00:00Z,10,8.7,2.5,3,0,6,0.233,0,7.4,7.2,1019.97,5,81.83,7.3,2.4,-0.5,eor
1580,2022-01-18T00:00:00Z,10,6,1.5,3,0,6,0,0,7.7,7.7,1023.71,6.4,79.92,7.8,5.2,1.9,eor
1580,2022-01-19T00:00:00Z,10,7.1,2.3,3,1,6,1.233,0,7.3,6.5,1013.46,3.3,83.29,5.2,1.2,-2.1,eor
1580,2022-01-20T00:00:00Z,10,10.1,3.5,3,1.9,8,1.7,0,6.3,6,1013.3,3.4,77.08,5.2,1.9,-0.8,eor
1580,2022-01-21T00:00:00Z,10,8.7,3.1,3,0,6,2.333,0,7.1,6,1019.4,3.1,77.75,5.1,1,-1.3,eor
1580,2022-01-22T00:00:00Z,10,8.4,2.7,3,0.1,6,0,0,7.9,7.2,1020.05,5.3,80.54,6.8,4.5,3.9,eor
1580,2022-01-23T00:00:00Z,10,6.5,1.4,3,0,6,0,0,8,6.8,1021.9,5.4,75.33,6.7,4.3,3.7,eor
1580,2022-01-24T00:00:00Z,10,5.7,1.7,3,0,0,0,0,5.3,6.1,1021.05,2.9,81.17,4.8,-0.4,-3.5,eor
1580,2022-01-25T00:00:00Z,10,3.8,1.1,3,0,6,0,0,6.5,5.9,1020.06,0.4,92.71,2.1,-1.8,-4.9,eor
1580,2022-01-26T00:00:00Z,10,6.6,2.4,3,0,0,0,0,8,5.5,1019.1,1.5,81.96,2.3,0.4,0.4,eor
1580,2022-01-27T00:00:00Z,10,9.8,3.5,3,0.9,6,0,0,7.2,6.1,1014.13,3.1,78.92,5.9,1.1,0.8,eor
1580,2022-01-28T00:00:00Z,10,9.4,3.1,3,0,6,3.317,0,6.8,6.3,1019.63,5.3,71,8.3,3.5,0.5,eor
1580,2022-01-29T00:00:00Z,10,14.6,4,3,0.4,6,0,0,7.6,7.9,1014.15,6.6,80.96,10.4,4.3,3.9,eor
1580,2022-01-30T00:00:00Z,10,12.9,3.7,3,0.2,6,2.7,0,5.5,5.8,1013.9,5.5,64.96,8.9,-0.4,-3.1,eor
1580,2022-01-31T00:00:00Z,10,19.7,5.9,3,2.3,6,1.283,0,7.5,6.5,999.41,4.2,78.83,6.3,0.5,-0.4,eor
1580,2022-02-01T00:00:00Z,10,15.6,5,3,2.1,6,0.017,0,7.6,6.9,1003.91,5.2,76.92,9.3,2.7,1.4,eor
1580,2022-02-02T00:00:00Z,10,14.2,4.8,3,0,6,3.433,0,5.6,7.4,1005.65,7.9,69.42,11.1,5.3,2.8,eor
1580,2022-02-03T00:00:00Z,10,9.5,2.2,3,0,6,0,0,7.8,8.2,1004.98,7.1,81.75,8.8,5.1,4.4,eor
1580,2022-02-04T00:00:00Z,10,17.6,4.3,3,1.6,6,0,0,6.6,7.6,1000.61,6.6,77.75,8.4,3.2,1.1,eor
1580,2022-02-05T00:00:00Z,10,12.7,3.6,3,0,6,4,0,5.8,5.8,1008.78,4.1,71.58,7.1,1.6,-1,eor
1580,2022-02-06T00:00:00Z,10,16.2,5.8,3,19.8,8,0,0,7.5,7.5,996.75,6.1,79.79,8.6,4.1,2.5,eor
1580,2022-02-07T00:00:00Z,10,18.3,5.2,3,0.1,6,4.1,0,5.7,6,1008.75,4.5,71.04,7.8,0.9,-1.2,eor
1580,2022-02-08T00:00:00Z,10,8.3,2.8,3,0,6,0.067,0,7.8,7.9,1016.91,6.3,81.42,8.4,3.1,1.6,eor
1580,2022-02-09T00:00:00Z,10,7.5,1.9,3,0,0,3.55,0,5.6,8.5,1014.05,8.5,76.92,14.3,3.2,0.5,eor
1580,2022-02-10T00:00:00Z,10,9.8,3,3,0.8,6,0.167,0,6.4,7.4,1008.61,5.4,82.38,9.3,0.6,-1.9,eor
1580,2022-02-11T00:00:00Z,10,12.4,3.6,3,0.3,8,3.65,0,3.2,5.8,1015.8,3.3,75.13,7.4,-1.3,-4.3,eor
1580,2022-02-12T00:00:00Z,10,5.4,1.3,3,0,0,8.617,0,5.8,5,1016.45,0.5,79.25,5.9,-4,-6.9,eor
1580,2022-02-13T00:00:00Z,10,5.4,1.4,3,0,0,6.533,0,6.3,5.6,1003.6,1.9,80.13,9.2,-4.4,-7.2,eor
1580,2022-02-14T00:00:00Z,10,9.4,2,3,0.1,6,0.35,0,7.3,6.9,993.48,6.7,70.5,12.4,2,-1,eor
1580,2022-02-15T00:00:00Z,10,10.1,2.8,3,0.4,6,4.65,0,6.5,7,999.18,6.8,71.5,9.9,4.8,1.5,eor
1580,2022-02-16T00:00:00Z,10,14.6,4.7,3,0.8,6,0.05,0,7.7,9.8,991.1,9.8,79.75,14.1,6.6,5.5,eor
1580,2022-02-17T00:00:00Z,10,23.5,7.8,3,0.3,6,4.35,0,5.6,7.9,993.86,11,58.88,14.2,7.4,5,eor
1580,2022-02-18T00:00:00Z,10,25.2,5.9,3,0.5,6,0.017,0,7,8.1,993.29,9.7,66.5,13.8,7.3,4.8,eor
1580,2022-02-19T00:00:00Z,10,22.9,7,3,0,6,5.783,0,5.3,5.4,1001.78,6.8,54.5,8.6,5,2.9,eor
1580,2022-02-20T00:00:00Z,10,17.1,6,3,2.8,6,0.017,0,7.4,8.6,998.04,8.7,76.04,11,6.4,4.5,eor
1580,2022-02-21T00:00:00Z,10,22.2,8.3,3,1.5,8,2.017,0,5.4,6.7,991.85,6.8,67.46,10.8,2.4,1.3,eor
1580,2022-02-22T00:00:00Z,10,16.3,4.9,3,2,6,1.9,0,6.4,7.4,1006.17,7.4,71.04,9.9,4.4,2.9,eor
1580,2022-02-23T00:00:00Z,10,6.2,2,3,0,0,9.933,0,2.8,7,1011.87,6.8,72.46,12.3,2.1,-0.6,eor
1580,2022-02-24T00:00:00Z,10,27.2,2.6,3,2.5,6,0.9,0,7.3,7.3,1002.15,6.5,75.92,11.7,2.4,0.8,eor
1580,2022-02-25T00:00:00Z,10,11.5,3.4,3,2.3,6,4.5,0,5,6.1,1011.12,3.6,76.88,7.9,1.1,-1.8,eor
1580,2022-02-26T00:00:00Z,10,6,1.7,3,0,0,8.667,0,3.2,5.7,1020.5,4,71.67,8.1,-0.6,-2.9,eor
1580,2022-02-27T00:00:00Z,10,8.8,2.5,3,0,0,10.317,0,0.8,5.1,1019.12,4.2,64.29,9.4,-0.2,-4.3,eor
1580,2022-02-28T00:00:00Z,10,6.3,1.8,3,0,0,10.483,0,0,4.6,1018.37,3.8,59.5,9.8,-1.6,-4.4,eor
1580,2022-03-01T00:00:00Z,10,6.1,1.8,3,0,0,7.95,0,5.3,4,1016.18,3.3,53.04,7.8,-0.9,-5.2,eor
1580,2022-03-02T00:00:00Z,10,4.6,1.4,3,0,0,5.367,0,4.2,4.2,1010.45,3.1,57.13,9.5,-1,-4.1,eor
1580,2022-03-03T00:00:00Z,10,5.6,1.3,3,0,0,10.233,0,0.4,4.1,1005.9,3.2,58.13,11.4,-3.1,-6.3,eor
1580,2022-03-04T00:00:00Z,10,6.3,1.7,3,0,0,10.483,0,0,4.4,1007.45,3.3,58.04,8.9,-1.9,-5.8,eor
1580,2022-03-05T00:00:00Z,10,6.2,1.7,3,0,0,10.2,,0.7,4.2,1008.29,2.8,58.92,8,-2.3,-6.4,eor
1580,2022-03-06T00:00:00Z,10,8,2.1,3,0,0,8.05,,3.7,3.7,1010.05,2.7,51.75,7.9,-2,-5.5,eor
1580,2022-03-07T00:00:00Z,10,11.3,3.1,3,0,0,10.267,0,1.8,3.4,1012.13,1.4,50.13,5.6,-1.7,-5.6,eor
1580,2022-03-08T00:00:00Z,10,9.8,2.5,3,0,0,10.833,0,0.2,3.8,1009.7,3.7,50.17,10.1,-2.3,-6.5,eor
1580,2022-03-09T00:00:00Z,10,5.5,1.3,3,0,0,10.917,0,0.3,3.8,1011.04,3.6,51.46,12,-3.5,-7.6,eor
1580,2022-03-10T00:00:00Z,10,7.5,1.8,3,0,0,10.95,0,0,4.5,1011.06,6.4,50.17,15.6,-2.5,-6.5,eor
1580,2022-03-11T00:00:00Z,10,8.5,3.4,3,0,6,9.767,0,3.1,4.2,1005.88,7.4,42,12.6,2.8,-1.2,eor
1580,2022-03-12T00:00:00Z,10,7.1,2.3,3,0,0,5.533,0,7.8,4.5,1006.16,7.9,41.96,13.3,4,-0.8,eor
1580,2022-03-13T00:00:00Z,10,7.1,1.6,3,4.2,6,8.717,0,6.8,4.5,1003.43,8,43.67,14.7,0.2,-3.6,eor
1580,2022-03-14T00:00:00Z,10,8.2,2.6,3,0,6,2.933,0,7.4,7.9,1012.8,8.9,70.13,13.7,4.1,1.6,eor
1580,2022-03-15T00:00:00Z,10,7,1,3,14.2,6,0,0,7.8,8,1012.28,5.4,89.04,6.9,3.4,1,eor
1580,2022-03-16T00:00:00Z,10,7,2.2,3,0,0,1.35,0,5.7,8.2,1011.39,7,82.58,12,1.8,-0.1,eor
1580,2022-03-17T00:00:00Z,10,11.6,1.8,3,0.1,6,0,0,7.8,8,1015.24,8.5,72.13,10.4,5,1.4,eor
1580,2022-03-18T00:00:00Z,10,11.5,2.8,3,0,0,9.35,0,3.8,5.2,1026.3,9,48.17,15.2,3.9,0.1,eor
1580,2022-03-19T00:00:00Z,10,15.4,4.3,3,0,6,10.167,0,2,5.2,1023.92,8.6,47.13,13.2,5.4,0.5,eor
1580,2022-03-20T00:00:00Z,10,9.7,3.2,3,0,0,5.133,0,4,6,1015.59,9,51,14.8,4,0.4,eor
1580,2022-03-21T00:00:00Z,10,6.1,1.7,3,0,0,10.083,0,3.5,6.1,1018.34,10.3,49.38,16.8,3.8,-0.5,eor
1580,2022-03-22T00:00:00Z,10,6,1.6,3,0,0,11.45,0,1,5.4,1018.17,9.3,48.96,17,2.5,-1.8,eor
1580,2022-03-23T00:00:00Z,10,4.5,1.5,3,0,0,11.467,0,0,5.9,1016.85,10,52.71,19.3,1.7,-2.2,eor
1580,2022-03-24T00:00:00Z,10,7.6,2.2,3,0,0,11.45,0,0,5.7,1014.75,11.5,46.88,19.6,2.9,-1.2,eor
1580,2022-03-25T00:00:00Z,10,7.1,1.9,3,0,0,11.15,0,0,6,1014.53,11.7,46.54,19,4.4,-0.4,eor
1580,2022-03-26T00:00:00Z,10,8.2,2.3,3,0,0,11.567,0,0,6.5,1016.26,11.6,49.96,18.8,4.2,-0.2,eor
1580,2022-03-27T00:00:00Z,10,6.6,1.9,3,0,0,11.817,0,0,8.6,1015.34,12.5,61.63,20.1,5.5,1.5,eor
1580,2022-03-28T00:00:00Z,10,9.7,2.3,3,0,0,10.383,0,2.9,8,1008,13.2,57.88,21.5,4.8,1,eor
1580,2022-03-29T00:00:00Z,10,5.2,1.7,3,4.2,6,2.567,0,7.9,8.6,997.2,12.6,59.42,16.1,8.7,6,eor
1580,2022-03-30T00:00:00Z,10,6.9,2,3,0.8,6,1.75,0,7.7,8,989.36,9.4,69.21,12.6,6.9,4.8,eor
1580,2022-03-31T00:00:00Z,10,7.2,2.5,3,0.9,6,0.2,0,7.8,7.1,985.02,6.3,74.33,8.8,4.1,3.7,eor
1580,2022-04-01T00:00:00Z,10,11.7,3.6,3,0.3,8,0,0,6.9,5.5,990.3,2.5,75,4.1,0.7,0.1,eor
1580,2022-04-02T00:00:00Z,10,10.4,4,3,0,8,0.017,0,7.1,4.7,1000.85,2.1,66.58,4.6,0.4,-0.1,eor
1580,2022-04-03T00:00:00Z,10,11.2,3.3,3,0,0,8.933,0,5.8,3.8,1008.03,3.2,50.83,7.9,-0.6,-3.2,eor
1580,2022-04-04T00:00:00Z,10,16.1,4.9,3,0.1,6,4.867,0,7.3,5.2,1001.59,4.6,61.17,9.7,-1.6,-4.7,eor
1580,2022-04-05T00:00:00Z,10,12.2,5,3,0.1,6,0.233,0,7.7,9,995.43,9.2,76.75,11.7,6.6,6.1,eor
1580,2022-04-06T00:00:00Z,10,14.8,4.8,3,0.2,6,1.633,0,7.7,8.5,991.52,11,65.58,14.3,9.2,7.3,eor
1580,2022-04-07T00:00:00Z,10,21,7.6,3,2.7,6,3.683,0,6.7,8.4,980.56,11.1,64.21,14.2,8.8,7,eor
1580,2022-04-08T00:00:00Z,10,12.6,3.1,3,12.6,6,0,0,7.1,7,986.16,5.7,77.08,9.1,2.6,1.9,eor
1580,2022-04-09T00:00:00Z,10,20.1,4.7,3,0.5,6,7.733,0,4,6.3,998.6,6.1,67.63,11.2,2.5,-1,eor
1580,2022-04-10T00:00:00Z,10,8.3,2.3,3,1.1,6,3.133,0,6,6,1007.54,4.9,69.63,10.9,0.1,-2.7,eor
1580,2022-04-11T00:00:00Z,10,8.4,2.2,3,0,0,12.183,0,7.4,6.3,1004.38,8.7,58.58,15.4,1.2,-1.6,eor
1580,2022-04-12T00:00:00Z,10,6.6,1.8,3,0,0,8.833,0,7.9,8.4,999.55,13.9,54.33,21.9,5.7,2.1,eor
1580,2022-04-13T00:00:00Z,10,12.8,2.3,3,0,0,6.833,0,6.7,10.5,1002.15,16.3,59.29,23.7,9.1,5.4,eor
1580,2022-04-14T00:00:00Z,10,12.9,3,3,0,6,1.133,0,7.7,11.5,1007.15,15.6,65.79,20.1,11.1,7.2,eor
1580,2022-04-15T00:00:00Z,10,10.9,2.8,3,0,0,12.117,0,6.3,9.4,1011.94,13.9,61.08,19.2,8.1,3.3,eor
1580,2022-04-16T00:00:00Z,10,10.9,3,3,0,0,11.717,0,2.6,6.4,1016.79,10.9,51.33,16.1,5.9,3,eor
1580,2022-04-17T00:00:00Z,10,6.8,2.5,3,0,0,13,0,1.1,5.2,1013.45,10.6,42.17,16.8,4.7,-0.5,eor
1580,2022-04-18T00:00:00Z,10,,,3,0,0,13.2,0,0,5.7,1005.14,11.3,45.38,18.2,3.4,-0.5,eor
1580,2022-04-19T00:00:00Z,10,8.4,,3,0,0,13,0,0.9,6.5,1000.14,12.2,48.88,19.6,3.4,-0.5,eor
1580,2022-04-20T00:00:00Z,10,10,3,3,0,0,13.25,0,0.3,5.9,1001.25,11.7,44.04,17.3,5.5,0.1,eor
1580,2022-04-21T00:00:00Z,10,9.6,2.7,3,0,0,5.95,0,5.5,7.8,997.3,11.8,57.21,17.5,4.7,1.8,eor
1580,2022-04-22T00:00:00Z,10,10.8,3.4,3,0,0,9.45,0,1.6,8.4,991.17,13.3,56.29,19.8,6.8,2.3,eor
1580,2022-04-23T00:00:00Z,10,11.5,3.5,3,0,6,3.6,0,5.5,9,989.97,13,60,16.4,9.5,7.4,eor
1580,2022-04-24T00:00:00Z,10,7.4,1.9,3,0.3,6,0.15,0,7.2,8.1,988.49,12.5,55.88,15.6,8.6,5.8,eor
1580,2022-04-25T00:00:00Z,10,13.2,2.3,3,1.6,6,5.783,0,4.7,9,996.85,10.3,72.46,16.5,5.8,3.2,eor
1580,2022-04-26T00:00:00Z,10,7,2.2,3,6.6,6,0,0,7.5,9.4,1003.02,8.6,83.96,9.9,6.5,5.6,eor
1580,2022-04-27T00:00:00Z,10,7.4,2.6,3,0,0,10.917,0,1.3,8.9,1010.31,12.2,65.63,19,7.1,3.6,eor
1580,2022-04-28T00:00:00Z,10,6.1,1.8,3,0,0,12.917,0,2,8.6,1014.12,13.5,59.33,20.6,5.3,1.6,eor
1580,2022-04-29T00:00:00Z,10,14.7,2.6,3,1.7,6,3.217,0,8,9,1012.5,13.8,60.25,19.8,8.1,4.1,eor
1580,2022-04-30T00:00:00Z,10,11,2.8,3,0,6,0.033,0,7.8,9.2,1010.55,10.4,72.75,11.8,9.2,7.8,eor
1580,2022-05-01T00:00:00Z,10,5.9,2.1,3,0,6,1.933,0,7.6,9.3,1008.03,12.8,63.63,17.4,8.9,7,eor
1580,2022-05-02T00:00:00Z,10,7.4,2.2,3,0,0,9.083,0,4.4,9.8,1003.85,14.7,60.17,21.1,8.1,5,eor
1580,2022-05-03T00:00:00Z,10,8.2,3,3,0,6,5.183,0,6.9,9.9,1002.47,16.8,52.71,21.8,13,9.7,eor
1580,2022-05-04T00:00:00Z,10,8.6,2.9,3,0.6,6,6.783,0,5.8,10,1003.4,16.1,54.5,21.4,12.2,9.4,eor
1580,2022-05-05T00:00:00Z,10,5.7,1.9,3,0,0,0.117,0,7.8,9.7,1007.86,14.4,59.92,17.2,11,7,eor
1580,2022-05-06T00:00:00Z,10,16.1,2.2,3,0,0,11.867,0,1.1,8.8,1010.52,15.8,52.08,22.3,9.7,6.6,eor
1580,2022-05-07T00:00:00Z,10,8.7,1.9,3,0,6,10.75,0,4.7,10,1009.29,16.7,55.5,23.7,8.1,4.8,eor
1580,2022-05-08T00:00:00Z,10,9.3,2.8,3,5.1,6,6.9,0,5,12.5,1010.59,16.6,67,23.4,11.3,9,eor
1580,2022-05-09T00:00:00Z,10,5.2,1.9,3,0,0,13.917,0,0.8,11.4,1011.22,17.2,61.58,24.8,10.1,8,eor
1580,2022-05-10T00:00:00Z,10,9.2,2,3,0,0,9.15,0,8,12.2,1005.98,18.6,60.13,26.6,10.7,8.2,eor
1580,2022-05-11T00:00:00Z,10,14.7,3.7,3,0,0,13.05,0,3.6,11.9,1000.04,21.5,50.38,29.2,12.8,10.9,eor
1580,2022-05-12T00:00:00Z,10,12.2,3.7,3,0,0,11,0,5.1,11,1004.24,19.7,49.25,24.5,12.9,9.9,eor
1580,2022-05-13T00:00:00Z,10,10,3.1,3,0,0,12.8,0,4.6,9.3,1007.17,16.7,51.33,22.9,10.8,7.9,eor
1580,2022-05-14T00:00:00Z,10,7,2.1,3,0,0,14.167,0,3,9.8,1007.6,17.8,51.54,25.5,9.4,7.1,eor
1580,2022-05-15T00:00:00Z,10,7.4,2.1,3,0,6,14.283,0,6.3,10.6,1004.99,19.4,50.04,26.5,10.9,7.4,eor
1580,2022-05-16T00:00:00Z,10,15.2,2.4,3,10.5,6,5.283,0,5.5,14.3,1004.03,18.6,66.79,26.4,14,11.4,eor
1580,2022-05-17T00:00:00Z,10,5.7,1.5,3,0,0,11.833,0,6,13.8,1007.86,19.9,63.75,26.4,12.6,10.3,eor
1580,2022-05-18T00:00:00Z,10,7.9,1.9,3,0,0,14.1,0,4.5,13.8,1008.26,22.1,55.58,29.2,13.7,11.6,eor
1580,2022-05-19T00:00:00Z,10,16.4,2.3,3,10,6,10.017,0,7.4,16.1,1006.74,21.4,66,30.5,15.3,12.8,eor
1580,2022-05-20T00:00:00Z,10,19.8,3,3,0.1,6,6.517,0,6.2,17.7,1005.29,20.4,75,27,14.2,12.4,eor
1580,2022-05-21T00:00:00Z,10,11.3,3.4,3,0,0,9.617,0,4.4,10.9,1008.33,16.2,60.88,22,10.6,8.1,eor
1580,2022-05-22T00:00:00Z,10,5.2,1.7,3,0.4,6,11.767,0,4.5,11.3,1001.72,17.7,58.54,24.1,9.9,7.6,eor
1580,2022-05-23T00:00:00Z,10,21.1,2.8,3,5.5,6,5.95,0,7.4,15.4,990.78,19,70,25.4,15,12.3,eor
1580,2022-05-24T00:00:00Z,10,12.7,3.9,3,0.1,6,8.717,0,7,11.6,995.07,15.7,65.96,19.9,10.4,8.9,eor
1580,2022-05-25T00:00:00Z,10,11.5,3.2,3,0,0,11.833,0,3.8,9.7,1003.49,16,56.5,22,8.2,6.4,eor
1580,2022-05-26T00:00:00Z,10,9.1,3.4,3,0,0,5.9,0,6.4,11.2,1008.46,17.7,56.13,22.7,12.1,9.3,eor
1580,2022-05-27T00:00:00Z,10,11.5,4.5,3,0.7,6,5.183,0,6.2,11.5,1007.71,16.7,60.42,21.9,10.4,6.3,eor
1580,2022-05-28T00:00:00Z,10,12,3.4,3,0,4,12.517,0,3.5,7.7,1006.46,13.9,50.5,19.6,7.4,4.5,eor
1580,2022-05-29T00:00:00Z,10,10.2,3,3,0,0,8.667,0,4.8,7.8,1000.76,12.3,55.46,18.2,8,4.7,eor
1580,2022-05-30T00:00:00Z,10,5.9,1.9,3,0,6,8.083,0,4.6,8.6,999.82,12.3,61.71,17.7,7.5,4.2,eor
1580,2022-05-31T00:00:00Z,10,10.3,2.3,3,0,6,9.417,0,5,9,999.72,14.9,55.71,22.2,7.7,6.2,eor
1580,2022-06-01T00:00:00Z,10,11.2,3.1,3,0,0,9.8,0,3.4,9.1,1002.14,16.1,52.17,23,9.6,7,eor
1580,2022-06-02T00:00:00Z,10,6.8,2.1,3,0,0,14.8,0,3.7,8.7,1006.71,16.3,50.33,22.9,7.4,4.7,eor
1580,2022-06-03T00:00:00Z,10,6.3,1.8,3,0.8,6,6.95,0,6.7,13.3,1003.54,18.4,62.67,25.7,10.3,8,eor
1580,2022-06-04T00:00:00Z,10,6.5,1.9,3,0.1,6,8.183,0,5.5,16.3,1004.39,21.5,66,28.2,15,13.6,eor
1580,2022-06-05T00:00:00Z,10,10.6,2.3,3,4.5,6,0.717,0,7.6,17.1,1001.73,19,77.33,21.6,16.4,14.4,eor
1580,2022-06-06T00:00:00Z,10,11.9,3.4,3,0,6,7.95,0,5,13.3,1002.85,18.6,64.46,24,13.3,11.1,eor
1580,2022-06-07T00:00:00Z,10,12,2.5,3,3,6,5.25,0,7.3,13.7,1001.28,17.6,69.5,23.1,12.8,10.8,eor
1580,2022-06-08T00:00:00Z,10,9.4,1.9,3,3.3,6,2.85,0,7.3,14.6,996.85,16.3,79.83,21.5,12.9,11,eor
1580,2022-06-09T00:00:00Z,10,13.3,2.5,3,0.2,6,3.067,0,5.2,13,1002.75,15.5,75,20.5,11.3,9.1,eor
1580,2022-06-10T00:00:00Z,10,6.8,2,3,0,0,9.483,0,2.1,12.5,1009.7,17.9,64.04,25.5,9.9,7.9,eor
1580,2022-06-11T00:00:00Z,10,6.7,1.7,3,0,0,10.717,0,3.2,13.8,1009.1,21.4,57.71,28.8,13.3,11.6,eor
1580,2022-06-12T00:00:00Z,10,10.1,3.2,3,0,0,14.6,0,2.3,12.9,1007.51,22.3,50.96,28.8,15.5,13,eor
1580,2022-06-13T00:00:00Z,10,11,3.5,3,0,0,13.467,0,2.1,10.1,1008.28,18.4,48.96,23.5,13,9.6,eor
1580,2022-06-14T00:00:00Z,10,5.3,2.1,3,0,0,14.583,0,2.6,8.9,1007.76,19,44.38,26.5,10,8.1,eor
1580,2022-06-15T00:00:00Z,10,5.7,2,3,0,0,14.867,0,1,10.8,1003.48,22.9,41.25,31.1,13,10.3,eor
1580,2022-06-16T00:00:00Z,10,11.2,3.1,3,0,4,13,0,3,11.3,1006.47,22.8,42,28.1,15.7,13,eor
1580,2022-06-17T00:00:00Z,10,6.4,1.9,3,0,0,13.533,0,6.4,11.3,1010.34,22.2,45.83,30.7,13,10.8,eor
1580,2022-06-18T00:00:00Z,10,7.4,1.8,3,0,0,12.85,0,0.9,13.8,1003.82,26.4,43.67,36.4,15.6,13.4,eor
1580,2022-06-19T00:00:00Z,10,18.1,3.7,3,0.1,6,13.067,0,0.7,16.5,995.38,26.3,50,35.3,19.2,17.3,eor
1580,2022-06-20T00:00:00Z,10,18,3.2,3,0.7,6,3.3,0,5.8,13.7,1001.06,16.6,72.71,19.9,11.1,9.2,eor
1580,2022-06-21T00:00:00Z,10,9.9,2.1,3,0,0,13.3,0,4.5,11.4,1000.57,19,56.54,27.4,8.9,6.6,eor
1580,2022-06-22T00:00:00Z,10,6.8,2.2,3,0,0,11,0,7.7,13.8,998.2,22.8,51.33,29.2,15.7,13.3,eor
1580,2022-06-23T00:00:00Z,10,11.5,2.3,3,1,6,12.267,0,4.5,17.6,998.03,24.5,60.17,31.7,17.1,15.4,eor
1580,2022-06-24T00:00:00Z,10,11.8,2.2,3,27.5,6,3.483,0,7.2,18.1,996.19,19.9,79.79,27.9,16,14.8,eor
1580,2022-06-25T00:00:00Z,10,11,1.7,3,1.9,6,7.65,0,4.8,16.4,999.68,20.7,69.58,27.5,14.2,13.4,eor
1580,2022-06-26T00:00:00Z,10,12.4,3.4,3,15.4,6,4.117,0,7.5,17.3,1001.47,20.1,73.92,24.6,16.7,16.2,eor
1580,2022-06-27T00:00:00Z,10,10.7,2.6,3,0.7,6,3.267,0,7,17.2,1003.77,19.5,76.83,23.8,13.5,12.5,eor
1580,2022-06-28T00:00:00Z,10,7.3,2.1,3,0,6,13.017,0,4,12.1,1007.02,19.7,56.96,26.2,12.1,11,eor
1580,2022-06-29T00:00:00Z,10,5.2,1.9,3,0,0,9.65,0,5.1,15.4,1000.38,23,55.21,29.1,18.1,16.7,eor
1580,2022-06-30T00:00:00Z,10,16.3,2.8,3,0.9,6,12.017,0,2.9,16.4,998.24,23.3,61.25,31.5,15.1,14.3,eor
1580,2022-07-01T00:00:00Z,10,7.6,2.4,3,0,0,3.383,0,5.9,12.4,1006.05,17.3,63.96,22.3,12.6,10.9,eor
1580,2022-07-02T00:00:00Z,10,8,2,3,0,0,14.8,0,0,11.8,1007.96,19.8,54.58,27.4,10.7,8.5,eor
1580,2022-07-03T00:00:00Z,10,9.9,2.7,3,0,0,13.8,0,1.5,12.8,1004.35,22.6,50.33,30.2,13.8,11.7,eor
1580,2022-07-04T00:00:00Z,10,10.2,2.7,3,0,0,14.4,0,0.5,11.4,1006.37,21.2,47.04,27.5,15,12.1,eor
1580,2022-07-05T00:00:00Z,10,8.8,2.8,3,0,0,14.7,0,0.8,11.7,1007.89,21.4,47.75,27.9,14,11.6,eor
1580,2022-07-06T00:00:00Z,10,12.3,4,3,0,6,13.4,0,4.5,10.4,1011.08,17.5,53,21.7,13.8,12.9,eor
1580,2022-07-07T00:00:00Z,10,12,3.1,3,0.5,6,1.217,0,6,13,1009.88,17.4,65,20.1,13.8,10.8,eor
1580,2022-07-08T00:00:00Z,10,8.4,2.3,3,0,0,11.3,0,1.8,11.5,1016.4,18.1,57.13,25.6,10.7,8.8,eor
1580,2022-07-09T00:00:00Z,10,14.7,2.4,3,0.1,6,8.6,0,6.7,14.1,1012.79,19.6,64.42,26.6,13.4,11.8,eor
1580,2022-07-10T00:00:00Z,10,10.2,3.2,3,0,0,7.7,0,5.2,11.9,1011.8,17.2,61.5,21.2,11.5,9.3,eor
1580,2022-07-11T00:00:00Z,10,12.2,3,3,0,0,6.517,0,6.8,14.6,1010.1,19.8,64,25,15.8,13.5,eor
1580,2022-07-12T00:00:00Z,10,6.1,1.9,3,0,0,13.95,0,4.6,14,1011.05,21.7,57.63,29.5,13.3,11.2,eor
1580,2022-07-13T00:00:00Z,10,9,2.2,3,0,6,8.983,0,7.8,13.6,1007.48,26,44.08,35.4,18.2,16.7,eor
1580,2022-07-14T00:00:00Z,10,13.3,3.3,3,0,0,7.8,0,6.1,13.6,1005.16,23.1,48.58,28,15.6,13.9,eor
1580,2022-07-15T00:00:00Z,10,11.4,3.3,3,0,0,11.517,0,2.5,10.2,1008.23,18.9,48.5,24.7,13.5,10.4,eor
1580,2022-07-16T00:00:00Z,10,9.3,2.9,3,0,0,12.617,0,2,10.4,1009.87,19.5,48.17,26.5,11.1,8.6,eor
1580,2022-07-17T00:00:00Z,10,6.8,2,3,0,0,14.367,0,2.8,9.3,1012.37,21.3,40.46,29.6,11,8.6,eor
1580,2022-07-18T00:00:00Z,10,5.8,1.6,3,0,0,14.583,0,3.6,10.1,1009.5,24.5,36.96,34.2,14.4,11.4,eor
1580,2022-07-19T00:00:00Z,10,8.3,2,3,0,0,14.567,0,0,11.4,1004.64,27.4,35.79,37.1,15.8,12.8,eor
1580,2022-07-20T00:00:00Z,10,11.8,2.9,3,1.2,6,9.967,0,3.7,15.5,1003.22,26.6,46.88,35.5,18.8,16.3,eor
1580,2022-07-21T00:00:00Z,10,11.3,3.7,3,0,0,6.5,0,4.4,16.7,1006.51,22.7,63.17,28.6,17.8,15.6,eor
1580,2022-07-22T00:00:00Z,10,9.2,2.1,3,0.4,6,11.3,0,5.6,14.8,1005.22,23.3,53.75,30.4,16.9,14.7,eor
1580,2022-07-23T00:00:00Z,10,9.4,2.9,3,0,0,12.217,0,5.9,15,1004.74,23.8,53.25,29.8,18.1,17.2,eor
1580,2022-07-24T00:00:00Z,10,5.6,1.8,3,0,0,13.933,0,3.5,13.6,1004.68,25.1,45.5,32.7,16.9,15.4,eor
1580,2022-07-25T00:00:00Z,10,14.4,3.5,3,0,6,10.217,0,4.5,14.8,998.19,25.7,47.17,34.4,17.6,15.4,eor
1580,2022-07-26T00:00:00Z,10,9.2,3.5,3,0,0,9.183,0,4.4,13.6,1002.76,21.7,53.5,27.3,17.4,16.1,eor
1580,2022-07-27T00:00:00Z,10,10,2.6,3,0,0,7.75,0,6.2,11.3,1004.65,20.1,49.54,25.3,15.1,11.7,eor
1580,2022-07-28T00:00:00Z,10,7.8,2.6,3,0,6,6.983,0,7.5,10.9,1002.68,21.4,43.42,27.8,13.5,11.9,eor
1580,2022-07-29T00:00:00Z,10,11.9,2.1,3,4.2,6,9.133,0,5.7,14.6,1001.85,22,56.79,30.3,15.5,13.4,eor
1580,2022-07-30T00:00:00Z,10,13.4,2.5,3,0,0,11.983,0,3.6,12.7,1004.86,22.6,49.29,29,15.1,12.8,eor
1580,2022-07-31T00:00:00Z,10,10.2,2.4,3,0,0,3.833,0,7.6,14.1,1003.52,24.1,48.54,31.7,18.3,17.3,eor
1580,2022-08-01T00:00:00Z,10,9.5,2.6,3,0,0,6.7,0,5.5,16.2,1004.02,23.3,57.54,28.3,18,16.4,eor
1580,2022-08-02T00:00:00Z,10,8.1,2.1,3,0,0,13.067,0,6.6,14.1,1004.66,24,50.42,30.8,16.9,15.7,eor
1580,2022-08-03T00:00:00Z,10,6.3,1.6,3,0,0,13.883,0,1.4,13.7,1002.19,26.4,43.5,35.1,16.7,14.9,eor
1580,2022-08-04T00:00:00Z,10,17.8,2.4,3,1,6,11.133,0,5.7,15,999.45,28.7,41.79,38.3,19.4,17.3,eor
1580,2022-08-05T00:00:00Z,10,14.1,3.7,3,0.5,6,1.733,0,7.7,18.1,1003.87,21.7,68.75,26,15.9,13.4,eor
1580,2022-08-06T00:00:00Z,10,7.3,2.4,3,0,0,13.3,0,1.7,9.6,1012,19.3,45.71,25.3,13,10.3,eor
1580,2022-08-07T00:00:00Z,10,8.4,2.5,3,0,0,13.9,0,1.8,9.3,1009.46,21,38.96,28,13.5,10.1,eor
1580,2022-08-08T00:00:00Z,10,7.9,2.5,3,0,0,13.833,0,1.1,9.5,1009.31,23.4,34.54,30.6,15.3,12,eor
1580,2022-08-09T00:00:00Z,10,8.3,2.7,3,0,0,13.483,0,0.2,10.5,1010.99,25.1,34.54,31.4,17.6,14.6,eor
1580,2022-08-10T00:00:00Z,10,9.3,2.4,3,0,0,13.7,0,1.3,10.6,1010.21,24.9,35.63,31.3,16.7,14.4,eor
1580,2022-08-11T00:00:00Z,10,9.1,2.3,3,0,0,13.517,0,2.2,10.9,1007.4,24.6,37.71,31.6,16,13.1,eor
1580,2022-08-12T00:00:00Z,10,9.3,2.5,3,0,0,13.533,0,0.5,10.5,1004.77,24.7,35.79,31.6,17.1,14.2,eor
1580,2022-08-13T00:00:00Z,10,7.4,2,3,0,0,13.633,0,0,11.1,1002.5,23.9,40.25,31.9,15.2,12.7,eor
1580,2022-08-14T00:00:00Z,10,7.2,2,3,0.1,6,11.2,0,5.2,14,995.39,25,46.88,32.5,17.3,14.9,eor
1580,2022-08-15T00:00:00Z,10,7.4,2.4,3,0,6,2.75,0,6.5,15.8,993.27,22.1,59.67,26.9,17.7,15.8,eor
1580,2022-08-16T00:00:00Z,10,5.2,1.6,3,0,0,13.333,0,3.5,15.4,996.41,22.8,58.96,30.7,15.1,13.6,eor
1580,2022-08-17T00:00:00Z,10,8.5,2.1,3,0,6,5.267,0,7.8,16.1,997.49,23.4,57.58,30.6,17.8,16.5,eor
1580,2022-08-18T00:00:00Z,10,8.8,2.4,3,0,6,1.7,0,7.9,16.7,999.32,22.7,60.75,27.2,20.2,18.3,eor
1580,2022-08-19T00:00:00Z,10,10.3,3.6,3,0,6,10.983,0,6.8,15.4,1000.45,23.9,53.38,29.6,19,18.2,eor
1580,2022-08-20T00:00:00Z,10,10.5,2.7,3,0,0,8.75,0,3.7,14.3,1003.25,23,52.88,29.1,16.6,13.9,eor
1580,2022-08-21T00:00:00Z,10,8.8,2.4,3,0,0,11.733,0,4.2,11.4,1003,21.9,46.83,29.5,13.2,10.8,eor
1580,2022-08-22T00:00:00Z,10,5.9,2.1,3,0,0,11.533,0,3.7,11.5,1001.25,23.8,40.75,31.2,16.1,13.8,eor
1580,2022-08-23T00:00:00Z,10,5.5,1.6,3,0,0,11.133,0,3.2,12,1002.93,24.1,41.75,32.2,16.5,13.9,eor
1580,2022-08-24T00:00:00Z,10,7.1,1.6,3,0,0,13.05,0,7.3,12.8,1004.82,24.8,43.96,32.9,16.6,14.4,eor
1580,2022-08-25T00:00:00Z,10,7.6,1.8,3,0,0,12.817,0,0.4,14.7,1002.42,24.7,49.08,31.9,17,15,eor
1580,2022-08-26T00:00:00Z,10,13.6,3.7,3,0,6,8.35,0,3.7,17.5,1000.3,23.7,60.33,31,19,16.6,eor
1580,2022-08-27T00:00:00Z,10,10.8,5.1,3,0,0,6.133,0,7,17.1,1002.09,20.6,70.5,23.9,18.6,18.4,eor
1580,2022-08-28T00:00:00Z,10,8,2.4,3,0,0,6.45,0,4.6,12.8,1004.72,21.7,50.83,26.8,16.3,12.8,eor
1580,2022-08-29T00:00:00Z,10,6.1,2,3,0,0,11.583,0,4.3,11,1006.55,20.8,46.25,27.9,14.6,11.3,eor
1580,2022-08-30T00:00:00Z,10,7.1,1.9,3,0,6,10.25,0,5.8,11,1005.42,22.3,43.83,29.9,13.7,11.4,eor
1580,2022-08-31T00:00:00Z,10,7.3,1.8,3,1.1,6,2.733,0,6,13.8,1006.72,20.5,57.54,24.4,17.5,14.7,eor
1580,2022-09-01T00:00:00Z,3,7.8,2.1,3,0,0,2.967,0,3.8,12,1005.77,19.9,53.71,25.4,12.9,11.2,eor
1580,2022-09-02T00:00:00Z,3,8.9,2.6,3,0.3,6,11.383,0,3.9,9.9,1002.1,20.6,42.17,25.9,14.3,11.1,eor
1580,2022-09-03T00:00:00Z,3,11,2.2,3,1,6,1.15,0,6.4,13.9,1000.45,17.8,68.71,23.2,14.2,12.7,eor
1580,2022-09-04T00:00:00Z,3,4.4,1.3,3,0,6,6.6,0,6.8,16.3,1005.83,19.5,74.75,27.7,14,12.9,eor
1580,2022-09-05T00:00:00Z,3,6.4,1.5,3,3.5,6,11.75,0,4.3,13.7,1006.26,21.6,57.71,30.4,13.2,11.2,eor
1580,2022-09-06T00:00:00Z,3,14.7,2,3,2.3,6,8.933,0,5.3,16.7,1002.98,21.2,67.83,30,15.6,14.6,eor
1580,2022-09-07T00:00:00Z,3,8.1,2,3,9.7,6,5.517,0,6.5,17.2,1000.03,20.7,72.13,27,16.2,15.4,eor
1580,2022-09-08T00:00:00Z,3,11.5,2.9,3,1.1,6,4.517,0,6.8,15.6,997.57,18.3,75.5,22.8,15.2,14,eor
1580,2022-09-09T00:00:00Z,3,12.1,3,3,4.2,6,5.117,0,6.6,14.9,998.91,16.3,81.42,22,13.4,12.2,eor
1580,2022-09-10T00:00:00Z,3,11,2.7,3,2.2,6,1.35,0,7.8,15.4,1000.79,16.3,83.67,21,13.3,12.5,eor
1580,2022-09-11T00:00:00Z,3,6.9,2.2,3,0,0,7.067,0,5.3,14.7,1005.08,18.5,70.75,25.1,13.4,11.7,eor
1580,2022-09-12T00:00:00Z,3,6.3,1.6,3,0,6,10.883,0,5.7,13.6,1002.5,17.6,70.21,25,11.4,9.9,eor
1580,2022-09-13T00:00:00Z,3,3.6,1,3,12.9,6,0,0,7.7,16.1,997.8,16.7,83.83,20,12.9,11.3,eor
1580,2022-09-14T00:00:00Z,3,10.5,1.3,3,44.8,6,0.017,0,7.8,19.8,992.35,18.4,93.25,21.1,17.3,16.8,eor
1580,2022-09-15T00:00:00Z,3,10.1,2.4,3,0,6,2.467,0,7.6,14.1,995.18,16.6,75.08,20.3,14,12.5,eor
1580,2022-09-16T00:00:00Z,3,13.2,3.1,3,0.5,6,4.883,0,6.4,11,998.23,13.7,70.25,17.7,9.7,8.2,eor
1580,2022-09-17T00:00:00Z,3,12.1,3.7,3,4.4,6,5.033,0,5.4,10.1,1001.4,11.6,74.29,17.3,9,7.5,eor
1580,2022-09-18T00:00:00Z,3,12.2,4.1,3,6.1,6,0.017,0,7.1,10.3,1002.61,12,73.88,14.7,7.6,5.8,eor
1580,2022-09-19T00:00:00Z,3,11.3,3.4,3,0.7,6,5.383,0,6.4,10.8,1006.68,11.8,78.5,17,7.9,6.5,eor
1580,2022-09-20T00:00:00Z,3,7.9,2.3,3,0,6,2,0,5.8,10.5,1010.29,11.3,79.13,15.6,7.3,5.5,eor
1580,2022-09-21T00:00:00Z,3,5.5,1.7,3,0,0,9.5,0,2.4,9.5,1012.58,11.5,72.75,18.2,6.4,4.9,eor
1580,2022-09-22T00:00:00Z,3,5.9,1.6,3,0,0,11.3,0,1.9,9.1,1009.57,11.5,69.75,18.9,5,3.1,eor
1580,2022-09-23T00:00:00Z,3,3.6,1.2,3,0,0,7.45,0,7.9,10,1003.97,11.7,74.13,18.8,5.6,4,eor
1580,2022-09-24T00:00:00Z,3,8.5,0.9,3,10.2,6,2.283,0,7.5,11.8,999.81,12.6,81.46,18,7.6,5.8,eor
1580,2022-09-25T00:00:00Z,3,6,1.3,3,0.2,6,0.067,0,6.5,12.8,999.79,12.4,88.21,15,7.5,5.8,eor
1580,2022-09-26T00:00:00Z,3,10,2.7,3,2.3,6,3.75,0,7.2,10.5,992.02,10.8,82.04,14.4,6.6,5.3,eor
1580,2022-09-27T00:00:00Z,3,10.4,4,3,2.4,6,2.15,0,7.3,9.6,986.39,10.4,76.29,13.1,7,5.3,eor
1580,2022-09-28T00:00:00Z,3,8.8,2.2,3,0,0,3.533,0,5.5,9.4,985.41,10.3,76.13,14,6.2,4.4,eor
1580,2022-09-29T00:00:00Z,3,5.8,1.6,3,0,0,3.067,0,5.4,8.9,990.59,8.3,82.17,14.2,4.4,3.1,eor
1580,2022-09-30T00:00:00Z,3,5.6,1.4,3,2.9,6,9.017,0,2.2,8.9,998.15,9.5,77.04,17.3,3.5,1.8,eor
1580,2022-10-01T00:00:00Z,3,13,2.7,3,4.5,6,1.7,0,7,11.9,997.83,12,84.25,17.6,6.5,5.2,eor
1580,2022-10-02T00:00:00Z,3,4.4,1.5,3,13.6,6,0,0,6.3,13.6,1006.57,12.6,93.13,15,9.8,7.3,eor
1580,2022-10-03T00:00:00Z,3,4.5,1.4,3,0,0,0.45,0,6.2,11.1,1013.62,10.9,86.33,15.6,7,5.1,eor
1580,2022-10-04T00:00:00Z,3,4.2,1.3,3,0,0,7.233,0,6,10.9,1009.73,10.4,86.79,17.4,5.7,5.2,eor
1580,2022-10-05T00:00:00Z,3,7.4,1.5,3,0,6,4.95,0,5,13.2,1007.33,13.4,85.96,20.3,7.6,6.5,eor
1580,2022-10-06T00:00:00Z,3,9.8,2.3,3,0,0,10.517,0,2.8,10.7,1015.93,14.1,68.08,19.1,7.1,4.5,eor
1580,2022-10-07T00:00:00Z,3,4.1,1.2,3,0,0,9.433,0,4.5,10.4,1010.88,11.2,79,18.9,4.6,2.2,eor
1580,2022-10-08T00:00:00Z,3,8.8,2.1,3,0,6,4.967,0,3.5,10.4,1008.92,11.8,76.17,18,6.7,4,eor
1580,2022-10-09T00:00:00Z,3,7.5,1.7,3,0,0,9.083,0,0.5,8.9,1009.4,10.1,74.42,17.3,3.6,1.4,eor
1580,2022-10-10T00:00:00Z,3,7.1,1.2,3,3.6,6,7.467,0,4.8,11.3,1005.02,11.9,80.5,20.8,4.3,2.4,eor
1580,2022-10-11T00:00:00Z,3,8,2.1,3,0,0,10.383,0,4,9.6,1012.08,11.5,71.83,16.6,6.2,3.7,eor
1580,2022-10-12T00:00:00Z,3,4.1,1.3,3,0,0,7.133,0,3.9,10.2,1010.52,10,83.08,16.8,4.2,2,eor
1580,2022-10-13T00:00:00Z,3,3,0.9,3,0.5,6,0.267,0,7.4,12.2,1006.62,11.3,90.46,14.9,7.5,7.2,eor
1580,2022-10-14T00:00:00Z,3,4.5,1.1,3,5.8,6,0,0,7.8,14.8,1000.43,13.8,93.71,15.1,12.4,12,eor
1580,2022-10-15T00:00:00Z,3,11,2,3,3.1,6,0.483,0,7.8,16.2,996.9,15.4,92.25,18.9,13.2,12.2,eor
1580,2022-10-16T00:00:00Z,3,5.1,1.1,3,0,6,0.217,0,7.7,16.3,1003.79,15.5,92.29,19,12.5,11.1,eor
1580,2022-10-17T00:00:00Z,3,5.7,1.3,3,26.6,6,5.267,0,7.6,16.1,1009.98,16.4,87,23.5,11.7,10.7,eor
1580,2022-10-18T00:00:00Z,3,7.7,1.7,3,2.3,6,1.483,0,5.9,17,1013.3,16.6,90.33,20.5,13.7,11.2,eor
1580,2022-10-19T00:00:00Z,3,7.5,2.5,3,0,0,3.1,0,7.4,13.3,1011.73,13.9,83.75,16.7,11.5,9.9,eor
1580,2022-10-20T00:00:00Z,3,8.2,2.4,3,3.5,6,0,0,7.9,12,1003.58,11.7,86.33,13.4,9.9,8.6,eor
1580,2022-10-21T00:00:00Z,3,4.7,1.2,3,11.3,6,0.233,0,7.6,16.1,998.13,15,94.29,17.8,13.3,13.1,eor
1580,2022-10-22T00:00:00Z,3,7,1.8,3,0,0,6.633,0,5.9,14.4,1002.28,15.3,83.46,20.6,10.5,8.4,eor
1580,2022-10-23T00:00:00Z,3,5.4,1.2,3,1.3,6,1.917,0,7.9,13.7,999.89,13.1,91,17.4,9.2,8.3,eor
1580,2022-10-24T00:00:00Z,3,12.4,2.1,3,0.1,4,4.733,0,6.4,13.3,999.11,14.5,82.38,20.9,10.8,8.4,eor
1580,2022-10-25T00:00:00Z,3,7.6,2,3,0.1,6,3.117,0,6.8,12.5,1004.4,13.2,82.92,18.8,10,7.8,eor
1580,2022-10-26T00:00:00Z,3,5.3,1.3,3,0,4,5.083,0,7.3,13.8,1006.02,14.1,85.96,21,10.8,8.7,eor
1580,2022-10-27T00:00:00Z,3,2.9,0.9,3,0,6,3.933,0,7.3,13.8,1010.97,12.8,92.67,17.9,8.7,6.4,eor
1580,2022-10-28T00:00:00Z,3,3.6,1.1,3,0,6,4.567,0,7.5,15.1,1009.04,15.3,87.33,21.4,11.5,9.5,eor
1580,2022-10-29T00:00:00Z,3,3,0.9,3,0,0,0.417,0,8,14.5,1008.48,14.2,90.04,18.8,11.2,9.4,eor
1580,2022-10-30T00:00:00Z,3,3.4,0.9,3,0,0,3.633,0,7.5,13.8,1006.68,13.5,89.63,20.3,10,7.8,eor
1580,2022-10-31T00:00:00Z,3,3.3,0.9,3,2.2,6,2.233,0,8,12.8,1005.78,12.4,89.08,17.3,8.6,7,eor
1580,2022-11-01T00:00:00Z,3,9.9,2.2,3,0,6,7.067,0,4.9,11.2,1005.15,12.2,80.21,17.8,6.5,4,eor
1580,2022-11-02T00:00:00Z,3,9,2.2,3,0,0,5.55,0,6.1,9.3,1009.28,10,77.75,16.3,6.2,3.9,eor
1580,2022-11-03T00:00:00Z,3,5.2,1.5,3,7,6,0.95,0,7.9,10.1,998.65,8.6,90.42,11.3,4.5,2.4,eor
1580,2022-11-04T00:00:00Z,3,9.6,1.8,3,3.3,6,2,0,7.4,10.6,995.12,10.1,85.21,12.8,7.5,6,eor
1580,2022-11-05T00:00:00Z,3,8.1,2,3,0,6,3.65,0,6.9,9.2,1005.6,8.6,82.42,12.5,5,3.5,eor
1580,2022-11-06T00:00:00Z,3,8.6,1.6,3,0,6,0.533,0,7.3,8.8,1002.52,7.1,87.38,9.5,4.3,2.9,eor
1580,2022-11-07T00:00:00Z,3,9.5,2.2,3,0,6,0.017,0,7.3,11.2,1002.02,11.1,84.88,13.6,7.4,4.7,eor
1580,2022-11-08T00:00:00Z,3,3.3,1,3,1.3,6,2.683,0,6.8,10.6,999.49,9.4,90.17,13.9,6,3.2,eor
1580,2022-11-09T00:00:00Z,3,9,1.9,3,0,6,1.35,0,7.1,12.3,1000.32,12.1,87.21,15.7,8.4,5.1,eor
1580,2022-11-10T00:00:00Z,3,6.5,1.8,3,0,0,8.4,0,3.4,9.7,1013.57,8.8,86.21,14.1,4.5,2.5,eor
1580,2022-11-11T00:00:00Z,3,3.5,1.1,3,0,6,0,0,7.8,9.2,1020.09,6.1,97.42,7.7,4.2,3.1,eor
1580,2022-11-12T00:00:00Z,3,2.6,0.8,3,0.1,4,0,0,7.9,9.2,1019.18,6.2,97.29,7,5,5.5,eor
1580,2022-11-13T00:00:00Z,3,3.4,1,3,0,6,5.533,0,4,8.6,1009.82,6.9,87.17,13.5,3.5,0.2,eor
1580,2022-11-14T00:00:00Z,3,5.3,1.7,3,0.3,6,0,0,6.8,8.9,1001.13,6.5,91.08,9.1,2.6,-0.1,eor
1580,2022-11-15T00:00:00Z,3,5.1,1.5,3,10.2,6,0,0,7.8,11.4,995.71,10.4,89.75,12.8,7.9,5.7,eor
1580,2022-11-16T00:00:00Z,3,6.6,2,3,6.7,6,3.633,0,7.2,11.3,988.65,11.1,86.29,13.8,8.9,6.2,eor
1580,2022-11-17T00:00:00Z,3,10.9,2.5,3,3.9,6,1.217,0,7,10.6,981.9,10,86.08,14.3,7,4.9,eor
1580,2022-11-18T00:00:00Z,3,8.5,1.5,3,1.7,6,2.333,0,7.3,9.8,989.76,8.8,87,12.7,6.5,4.8,eor
1580,2022-11-19T00:00:00Z,3,7,1.8,3,5.2,8,0,0,7.8,7.3,997.59,3.4,92.79,7.3,1.4,1.3,eor
1580,2022-11-20T00:00:00Z,3,10.2,1.3,3,2.5,6,0.05,0,7.6,7.3,997,3.9,90.54,6.8,1.7,1.6,eor
1580,2022-11-21T00:00:00Z,3,7.1,2.8,3,1.8,6,3.383,0,6.3,7.8,989.48,6.8,79.75,9.8,4.3,2.3,eor
1580,2022-11-22T00:00:00Z,3,7.6,1.7,3,0.5,6,0.717,0,7.5,8.5,985.24,6.6,87.13,8.3,4.2,1.8,eor
1580,2022-11-23T00:00:00Z,3,9.4,2,3,2.6,6,3.283,0,6.5,8.5,989.5,7.7,81.04,10.9,5.4,2.1,eor
1580,2022-11-24T00:00:00Z,3,10.9,2.4,3,0,6,2.75,0,6,8.7,999.29,7.8,82.75,12.2,3.1,-0.1,eor
1580,2022-11-25T00:00:00Z,3,3.4,0.9,3,0.3,6,1.65,0,6.1,8.6,1005.54,6.3,90.21,10.1,3.5,0.6,eor
1580,2022-11-26T00:00:00Z,3,4.4,1.4,3,0,0,0.95,0,5.5,7.9,1017.13,5.2,89.42,7.6,2,-1,eor
1580,2022-11-27T00:00:00Z,3,5.5,1.9,3,0,6,0.317,0,7.8,7.7,1010.25,5.5,85.33,6,4.5,4.1,eor
1580,2022-11-28T00:00:00Z,3,5.4,1.5,3,4.9,6,0,0,7.7,7.8,1000.57,5.2,87.83,6.1,3.9,3,eor
1580,2022-11-29T00:00:00Z,3,4.7,1,3,1.3,6,0,0,7.8,9.3,1004.49,7,92.25,9.3,5.8,3.6,eor
1580,2022-11-30T00:00:00Z,3,5.7,1.4,3,2.8,6,0,0,7.8,9.2,1008.98,7.3,90.08,9.2,6.1,5.3,eor
1580,2022-12-01T00:00:00Z,3,8.3,1.7,3,0.3,6,0,0,6.8,7.4,1011.21,4.2,89.38,6.2,2.8,-0.3,eor
1580,2022-12-02T00:00:00Z,3,7.8,2,3,0.8,6,0,0,7.5,6.4,1007.57,3.1,83.67,4.1,1.7,0.5,eor
1580,2022-12-03T00:00:00Z,3,6.2,2.4,3,0,6,0,0,7.9,5.9,1005.32,2.4,80.96,3.1,1.6,1.4,eor
1580,2022-12-04T00:00:00Z,3,7.4,2.1,3,4.9,6,0,0,7.9,6.1,1001.8,2.5,83.63,3.5,1.4,0.9,eor
1580,2022-12-05T00:00:00Z,3,4.7,1,3,0.5,6,0,0,7.6,7.2,1004.96,3.3,92.83,4.6,1.3,1.2,eor
1580,2022-12-06T00:00:00Z,3,5.6,2.1,3,0.1,6,0,0,7.6,6.8,1005.56,3.8,85,5,1.3,-1.2,eor
1580,2022-12-07T00:00:00Z,3,9.3,2,3,0,6,2.8,0,7,6.8,1002.89,4.2,81.79,7.2,2.2,-0.2,eor
1580,2022-12-08T00:00:00Z,3,7.1,1.9,3,0,6,1.267,0,7.7,6.5,996.25,3.6,81.92,6.6,2.1,-0.2,eor
1580,2022-12-09T00:00:00Z,3,6.6,1.8,3,0,6,2.8,0,7.4,5.8,992.51,2.1,81.63,4.8,0.8,0,eor
1580,2022-12-10T00:00:00Z,3,8.7,2.8,3,0,0,5.967,0,3.3,4.7,996.39,-0.4,79.25,2.3,-3,-5.7,eor
1580,2022-12-11T00:00:00Z,3,2.5,0.8,3,0,7,0,0,7.8,4.9,997.79,-1.1,87.17,0.1,-2.9,-4.6,eor
1580,2022-12-12T00:00:00Z,3,3.9,1,3,0,0,0,0,6.3,5.1,999.22,-0.5,85.75,1.3,-3.4,-7,eor
1580,2022-12-13T00:00:00Z,3,8.8,2.2,3,0,0,6.033,0,3.8,3.8,997.11,-3.2,79.33,-0.8,-6,-9.2,eor
1580,2022-12-14T00:00:00Z,3,9.1,2,3,1.8,8,0,0,7.4,4.1,990,-2.2,79.88,-1.3,-3.8,-6.5,eor
1580,2022-12-15T00:00:00Z,3,8.2,1.8,3,0,0,0.683,1,7.1,4,995,-3.7,85.46,-2.4,-5.4,-9,eor
1580,2022-12-16T00:00:00Z,3,10.4,4.1,3,0,0,7.4,1,1.6,3.7,1000.57,-3.1,76.71,0.2,-6.1,-10.1,eor
1580,2022-12-17T00:00:00Z,3,5.6,1.2,3,0,7,2.717,0,4.1,3.2,1013.82,-7.4,89.96,-5.9,-10.4,-13.3,eor
1580,2022-12-18T00:00:00Z,3,4.7,1.5,3,0,8,0,0,7.5,3.5,1016.45,-6,90.21,-2.6,-8.6,-8.3,eor
1580,2022-12-19T00:00:00Z,3,5.4,1.5,3,0,8,0,0,7.9,5.1,1011.07,-0.6,86.5,0.8,-2.6,-2.8,eor
1580,2022-12-20T00:00:00Z,3,4.8,0.5,3,1.7,6,0.367,0,7.7,6.5,1004.35,2.2,90.75,5.1,0.3,-0.5,eor
1580,2022-12-21T00:00:00Z,3,6.3,1.1,3,3.9,6,1.633,0,7.4,9.1,999.37,6.9,91.83,12.2,3.6,3.2,eor
1580,2022-12-22T00:00:00Z,3,8.2,1.9,3,3.9,6,0.05,0,7.7,11,993.84,9.7,91.42,11.9,7.5,6.6,eor
1580,2022-12-23T00:00:00Z,3,12.4,1.7,3,8.5,6,0,0,7.3,10.6,993.41,9.2,91.25,13.2,6.3,3,eor
1580,2022-12-24T00:00:00Z,3,9.2,2.6,3,0.2,6,0.55,0,7.2,10.3,1001.5,10.2,83.08,12.3,8.2,6,eor
1580,2022-12-25T00:00:00Z,3,4.9,1.4,3,0,6,0.833,0,7.6,10.5,1001.9,8.9,92.5,11.5,6.5,3.5,eor
1580,2022-12-26T00:00:00Z,3,13.8,2.7,3,2.4,6,0.017,0,6.6,9.5,1003.7,8.9,82.58,12.3,3.2,-0.5,eor
1580,2022-12-27T00:00:00Z,3,7.6,1.7,3,0,0,2.883,0,4.1,6.7,1013.72,3.5,85.25,7.1,0.6,-1.9,eor
1580,2022-12-28T00:00:00Z,3,10.5,2.1,3,0.2,6,0,0,7.8,8.2,1003.31,6.9,82.21,10.4,2.5,1.3,eor
1580,2022-12-29T00:00:00Z,3,12.1,3.5,3,0.1,6,1.467,0,7.8,9.5,996.42,10.2,76,13.3,6.2,1.9,eor
1580,2022-12-30T00:00:00Z,3,6.8,1.8,3,4.5,6,0.25,0,6.5,9,998.85,6.9,89.21,12.5,2.9,-0.4,eor
1580,2022-12-31T00:00:00Z,3,10.9,3.7,3,0,6,3.083,0,7.7,12.4,1000.75,14.3,75.46,16.7,10.1,5.9,eor
1580,2023-01-01T00:00:00Z,3,4.2,1.4,3,0,6,0.683,0,7.4,10.6,1004.98,11.3,78.92,14.4,8.3,4.4,eor
1580,2023-01-02T00:00:00Z,3,8.1,1.7,3,1,6,0,0,7.8,10.1,1006.59,9.2,86.67,12.4,6.6,2.9,eor
1580,2023-01-03T00:00:00Z,3,6.7,1.3,3,0,6,2.55,0,6.4,8,1016,5.4,89.17,8.6,2.7,0.1,eor
1580,2023-01-04T00:00:00Z,3,12.8,3.8,3,1.2,6,0,0,7.8,9.8,1009.17,8.9,85.08,12,5.5,3.4,eor
1580,2023-01-05T00:00:00Z,3,11,3.6,3,0,6,0.617,0,7.7,10.3,1008.24,10.9,78.83,12.7,9.3,8.1,eor
1580,2023-01-06T00:00:00Z,3,12.1,2.4,3,0,0,2.717,0,7.5,10.4,1007.84,10.4,82.75,12.7,9.2,6.7,eor
1580,2023-01-07T00:00:00Z,3,5.3,1.5,3,1.9,6,0.017,0,7.8,9.6,1002,9,83.5,10.7,6.6,4.2,eor
1580,2023-01-08T00:00:00Z,3,6.8,1.5,3,5.7,6,0.017,0,7.7,9.9,991.55,9,85.88,10.5,6.9,5.9,eor
1580,2023-01-09T00:00:00Z,3,9.7,3.2,3,0.2,6,0.233,0,7.7,8.3,990,7.1,82.08,8.6,5.7,3,eor
1580,2023-01-10T00:00:00Z,3,9.7,3.1,3,0.4,6,0.667,0,7,7.3,1005.87,6.2,76.58,8,4.4,1.6,eor
1580,2023-01-11T00:00:00Z,3,10.8,2.5,3,1.1,6,0,0,6.7,9.3,1002.03,8.1,85.83,11.1,5.8,1.6,eor
1580,2023-01-12T00:00:00Z,3,12.6,4.6,3,2,6,0.033,0,7.7,9.7,1000.5,9.4,82.25,11.3,7.9,6.8,eor
1580,2023-01-13T00:00:00Z,3,15.8,4.6,3,0.5,6,2.717,0,6.9,8.7,999.25,8.9,76.13,10.4,6.5,4.9,eor
1580,2023-01-14T00:00:00Z,3,12.7,3.1,3,3.8,6,0,0,7.8,8.9,998.51,8,82.25,10.8,4.8,1.6,eor
1580,2023-01-15T00:00:00Z,3,17.6,4.1,3,0.7,6,3.883,0,6.3,7.7,991.59,6.2,80.33,10.8,4.1,1.3,eor
1580,2023-01-16T00:00:00Z,3,13.9,4.2,3,,8,0.017,0,7.7,7,975.76,4.7,81.96,6.1,3.1,2.1,eor
1580,2023-01-17T00:00:00Z,3,14.2,2.7,3,0,0,5.017,0,7,5.3,975.15,2.5,72.71,5.5,-0.2,-2.7,eor
1580,2023-01-18T00:00:00Z,3,8.9,2.9,3,0,0,3.15,0,6.3,4.7,983.89,0.3,74.79,3.4,-2.8,-5.7,eor
1580,2023-01-19T00:00:00Z,3,7.9,1.9,3,0.2,8,0.767,0,5.5,5,994.46,0.3,80.71,3.8,-3.5,-6.2,eor
1580,2023-01-20T00:00:00Z,3,7.1,1.8,3,7,8,2.967,0,6.8,5.3,1002.84,0,87.58,3.5,-2.7,-5.2,eor
1580,2023-01-21T00:00:00Z,3,11.8,2.9,3,0.2,8,3.583,6,5.9,4.8,1013.51,-0.3,80.58,0.9,-2.9,-5.3,eor
1580,2023-01-22T00:00:00Z,3,11.8,3.4,3,0,8,0,6,7.8,5.4,1015.2,1.5,80,2.3,-0.2,-1,eor
1580,2023-01-23T00:00:00Z,3,9.4,2.1,3,0,0,1.283,2,5.4,5.5,1020.1,2.1,77.17,4.2,-0.2,-3.1,eor
1580,2023-01-24T00:00:00Z,3,7.3,1.9,3,0,0,0,0,7.8,5.7,1023,1.8,81.38,2.7,-0.3,-2.8,eor
1580,2023-01-25T00:00:00Z,3,3.9,1.5,3,0,8,0,0,7.9,5.7,1018.09,0.9,87.75,2,-0.6,-0.6,eor
1580,2023-01-26T00:00:00Z,3,5.4,1.3,3,0.1,8,0,0,8,5.2,1009.37,-0.2,86.54,0.8,-1,-1,eor
1580,2023-01-27T00:00:00Z,3,7.6,1.7,3,0,6,0.017,0,7.8,6.2,1009.79,2.8,83.25,4.4,0.7,0.4,eor
1580,2023-01-28T00:00:00Z,3,7.9,2.3,3,0,8,0,0,8,5,1014.92,1.9,70.58,3.4,-0.1,-1.6,eor
1580,2023-01-29T00:00:00Z,3,7.7,2.1,3,0,6,4.65,0,6.4,4.3,1014.8,-0.3,72.79,2.4,-2.6,-4.4,eor
1580,2023-01-30T00:00:00Z,3,14.8,4.7,3,0.2,6,0.933,0,6.8,6.1,1007.93,4.2,74.63,7.7,0.8,0.3,eor
1580,2023-01-31T00:00:00Z,3,9.6,3.1,3,0.6,6,0.633,0,5.5,6.6,1011.26,4,81.13,6.9,0.3,-3.3,eor
1580,2023-02-01T00:00:00Z,3,14.3,5.4,3,0.2,6,2.3,0,5.8,7.1,1007.97,6.7,72.96,8.3,4.9,1.8,eor
1580,2023-02-02T00:00:00Z,3,13,5.2,3,0,6,0.05,0,7.5,8,1011.3,8.3,72.54,9.8,6.7,5.2,eor
1580,2023-02-03T00:00:00Z,3,16.1,5.3,3,1.4,6,0,0,7.9,8.8,1013.92,8.9,76.83,10.3,7.4,6.5,eor
1580,2023-02-04T00:00:00Z,3,10.6,2,3,0,6,2.1,0,7.2,7.6,1021.77,7.3,73.96,9.9,3.1,0.3,eor
1580,2023-02-05T00:00:00Z,1,10.2,1.3,1,2.7,6,0.4,0,7.7,7.5,1022.77,4.7,87.13,7.9,3,0.5,eor
1580,2023-02-06T00:00:00Z,1,8.1,2.1,1,0,0,6.233,0,5.1,6.3,1025.46,4.1,76.58,7.3,1,-1.4,eor
1580,2023-02-07T00:00:00Z,1,7.4,2.3,1,0,0,9.267,0,0.9,4.2,1025.86,1.1,64.75,4.5,-2.8,-5.9,eor
1580,2023-02-08T00:00:00Z,1,7.5,1.8,1,0,0,9.367,0,0,3.7,1023.83,-0.1,62.04,4.7,-4.5,-7.8,eor
1580,2023-02-09T00:00:00Z,1,3.7,1.3,1,0,8,8.55,0,3.3,3.9,1020.88,-1.4,71.71,3.7,-5.8,-9.4,eor
1580,2023-02-10T00:00:00Z,1,7.4,1.3,1,0,0,4.333,0,7.5,5.1,1024.64,0.9,78.58,6.4,-3.5,-6.8,eor
1580,2023-02-11T00:00:00Z,1,6.3,1.2,1,0,6,1.083,0,7.7,7,1023.1,4.5,82.5,7.8,0.5,-1.6,eor
1580,2023-02-12T00:00:00Z,1,3.7,1.2,1,0,0,0,0,7,8.3,1024.88,6.4,86.58,9.2,3.8,0.7,eor
1580,2023-02-13T00:00:00Z,1,4.7,1.2,1,0,0,9.2,0,0.2,7.2,1023.99,5.5,80.96,11.6,0.3,-2.9,eor
1580,2023-02-14T00:00:00Z,1,4.6,1,1,0,6,0,0,6.5,6.1,1022.04,0.8,95,1.9,-1.9,-4.6,eor
1580,2023-02-15T00:00:00Z,1,4,1.4,1,0,0,0,0,8,6.4,1016.6,1.5,94.25,2.8,0.3,0.6,eor
1580,2023-02-16T00:00:00Z,1,2.7,0.9,1,0,6,0,0,7.8,6.6,1013.55,1.9,94.5,4.6,-0.2,0.3,eor
1580,2023-02-17T00:00:00Z,1,14,3.5,1,0.2,6,0.133,0,7.8,10.5,1009.96,11,79.96,14.3,3.8,3.5,eor
1580,2023-02-18T00:00:00Z,1,19,5.5,1,0,6,0.683,0,7.7,9.9,1009.34,11.3,73.75,12.9,10.1,9.4,eor
1580,2023-02-19T00:00:00Z,1,11.9,4.3,1,0.8,6,0.65,0,7.5,9.3,1010.35,10.1,74.96,12.7,6.8,2.1,eor
1580,2023-02-20T00:00:00Z,1,9.9,2.4,1,0,0,9.067,0,3.1,7.7,1011.26,8.8,70.17,15.3,3.2,0,eor
1580,2023-02-21T00:00:00Z,1,3.9,1.3,1,0,0,9.55,0,3.2,8.4,1006.15,8.2,78.58,15.8,2.6,-0.3,eor
1580,2023-02-22T00:00:00Z,1,2.9,0.8,1,1.1,6,1.733,0,8,8.4,1000.97,5.9,90,10.9,1.8,-1,eor
1580,2023-02-23T00:00:00Z,1,5.8,1.3,1,0,6,0.517,0,7.8,10,1000.64,9,86.75,11.9,6.7,5.9,eor
1580,2023-02-24T00:00:00Z,1,11.8,2.8,1,1.4,6,0.583,0,7.6,7.5,995.04,7.3,73.33,10.6,3.9,1.8,eor
1580,2023-02-25T00:00:00Z,1,12.3,3.9,1,1.3,8,5.333,0,4.2,5.7,995.82,3.6,70.96,7.1,-1,-3,eor
1580,2023-02-26T00:00:00Z,1,10.3,3.5,1,0,0,3.083,0,5.3,3.9,1006.79,1.1,59.88,4,-1.8,-6.4,eor
1580,2023-02-27T00:00:00Z,1,10.4,3.4,1,0,0,7.967,0,3,3.6,1013.22,1.9,51.79,6,-0.6,-3,eor
1580,2023-02-28T00:00:00Z,1,11.7,2.8,1,0,0,9.567,0,3.3,3.8,1014.54,1.9,55.58,5.9,-1.3,-5.3,eor
1580,2023-03-01T00:00:00Z,1,9,2.3,1,0,0,9.783,0,3.2,4.3,1011.01,3.3,56.38,9.4,-1.9,-5.1,eor
1580,2023-03-02T00:00:00Z,1,8,2.4,1,0,0,10.15,0,0.4,4.8,1006.67,5.6,54.71,12.4,-0.1,-4,eor
1580,2023-03-03T00:00:00Z,1,8.8,2.3,1,0,0,10.1,0,1,5.4,1009.3,3.2,70.42,9.3,-0.1,-4.3,eor
1580,2023-03-04T00:00:00Z,1,8.4,1.7,1,0,6,0,0,7.5,5.9,1010.08,3.4,76.33,6.3,-0.9,-5,eor
1580,2023-03-05T00:00:00Z,1,6.5,2,1,0,6,0,0,7.9,5.8,1002.93,4.4,70.17,5.5,3.2,1.8,eor
1580,2023-03-06T00:00:00Z,1,9.1,2.8,1,0,6,2.733,0,7.7,5.5,993.33,3.9,68.54,7.8,1,-2.3,eor
1580,2023-03-07T00:00:00Z,1,13.8,4.4,1,0.9,6,1.267,0,7.8,6.2,987.45,5.2,70.29,8.4,2.8,1.8,eor
1580,2023-03-08T00:00:00Z,1,5.8,1.6,1,16.6,8,0,0,7.2,7.4,982.44,3.6,91.83,6.9,0.5,0.1,eor
1580,2023-03-09T00:00:00Z,1,13.4,3.7,1,0.5,6,3,0,7.6,10,983.1,10.6,78.5,14.3,5.9,5.8,eor
1580,2023-03-10T00:00:00Z,1,20.9,5.5,1,2.1,8,2.033,0,7.5,8.6,980.53,8.6,75.5,12.1,1.7,0.1,eor
1580,2023-03-11T00:00:00Z,1,11.4,2.8,1,0,8,4.633,0,7.1,4.4,997.45,2,62.29,5.5,-1.6,-3.8,eor
1580,2023-03-12T00:00:00Z,1,4.8,1.2,1,0.6,8,0.517,0,7.9,6.6,999.15,3.6,81.67,10.2,-1.4,-4.2,eor
1580,2023-03-13T00:00:00Z,1,16.1,3,1,4.2,6,1.2,0,7.8,11.4,989.08,11.9,81.08,17.8,8.7,6.1,eor
1580,2023-03-14T00:00:00Z,1,21,5.2,1,1.6,8,3.05,0,7.5,8.7,987.2,8.3,78.13,12.1,2,-0.7,eor
1580,2023-03-15T00:00:00Z,1,10.5,2.9,1,0.1,8,4.867,0,6.2,5.7,1004.95,3.1,74.79,8.1,-0.3,-2.5,eor
1580,2023-03-16T00:00:00Z,1,8.2,2.2,1,0,0,8.1,0,8,6.1,1005.05,5,71.25,11,-0.9,-3.6,eor
1580,2023-03-17T00:00:00Z,1,4.6,1.4,1,2.3,6,2.717,0,7.8,7.8,998.5,8.4,71.25,13.4,1.7,-1.5,eor
1580,2023-03-18T00:00:00Z,1,5,1.5,1,0,6,8.95,0,6.3,9.6,999.55,11.6,72.96,18.4,6.5,3.9,eor
1580,2023-03-19T00:00:00Z,1,4.3,1.2,1,1.2,6,1.233,0,6.9,10,1002.59,10,81.54,13.6,6.7,3.5,eor
1580,2023-03-20T00:00:00Z,1,8.7,2.3,1,1,6,1.417,0,7.8,9.1,1006.71,10,74.96,13.2,7.7,6.7,eor
1580,2023-03-21T00:00:00Z,1,3.1,1,1,2.2,6,0.2,0,7.4,9.5,1003.54,8.9,83.75,10.8,5.9,3.5,eor
1580,2023-03-22T00:00:00Z,1,11.7,2,1,0,6,3.533,0,7.6,9,998.33,10.7,73.29,16.6,3.1,1,eor
1580,2023-03-23T00:00:00Z,1,13.2,3.5,1,1.3,6,0.633,0,7.9,10.9,995.19,13.3,71.25,15,11.3,9,eor
1580,2023-03-24T00:00:00Z,1,17,3.7,1,2.9,6,5.1,0,6.6,10.3,992.49,12.6,71.75,17.2,7.7,4.2,eor
1580,2023-03-25T00:00:00Z,1,17.4,5,1,1,6,5.117,0,6.5,8.2,995.46,10,67.92,14.8,6.7,3.5,eor
1580,2023-03-26T00:00:00Z,1,17.8,3,1,8.8,6,2.8,0,7.5,8.9,991.83,8.2,82.42,13.6,5.7,3.5,eor
1580,2023-03-27T00:00:00Z,1,18.8,3.5,1,0.9,6,7.883,0,3.7,5.7,1006.23,4.4,68.79,9.1,0.9,-2.2,eor
1580,2023-03-28T00:00:00Z,1,8.7,2.1,1,0,6,10.033,0,5.1,5.5,1012.3,4.8,65.17,10.1,-1,-4.4,eor
1580,2023-03-29T00:00:00Z,1,9.1,1.8,1,0.5,6,2.683,0,8,9.2,1003.4,10.5,72,17.2,5.7,4.8,eor
1580,2023-03-30T00:00:00Z,1,16.4,3.8,1,3.7,6,2.967,0,7.3,10.8,997.37,12.8,73.88,18,9.3,6.3,eor
1580,2023-03-31T00:00:00Z,1,15.4,3.1,1,8.6,6,2.767,0,7.6,10.7,988.08,10.9,82.08,14.7,8.8,7.1,eor
1580,2023-04-01T00:00:00Z,1,12.5,4.6,1,1.5,6,0.167,0,7.7,10.2,988.08,10.7,79.08,13.1,9.2,7.8,eor
1580,2023-04-02T00:00:00Z,1,7.6,2,1,0,6,0,0,7.8,8.3,1004.47,7.4,78.88,9.6,3.8,1.2,eor
1580,2023-04-03T00:00:00Z,1,11.3,3.1,1,0,0,10.65,0,2.8,4.9,1014.75,5.4,55.71,9.2,1.6,-1.1,eor
1580,2023-04-04T00:00:00Z,1,8,2.5,1,0,0,12.183,0,2.9,4.2,1013.1,4.2,51.5,9.4,-0.1,-3.7,eor
1580,2023-04-05T00:00:00Z,1,5.5,1.8,1,0,0,12.083,0,1.1,4.7,1008.71,4.7,57,10.6,-1.4,-3.8,eor
1580,2023-04-06T00:00:00Z,1,9.4,2,1,4,6,7.833,0,5.5,6.1,1005.4,6.2,65.54,13.4,-1.1,-4.3,eor
1580,2023-04-07T00:00:00Z,1,7.6,1.9,1,1.4,6,0,0,7.7,9.4,1004.01,8.4,85.54,11.2,6.6,4.5,eor
1580,2023-04-08T00:00:00Z,1,8.5,3,1,0,6,2.967,0,6.8,8.6,1009.8,9.9,70.71,12.6,7.2,4.2,eor
1580,2023-04-09T00:00:00Z,1,7.3,1.8,1,0,0,9.75,0,3.7,7.5,1011.3,9.4,64.63,14.5,4.3,0.9,eor
1580,2023-04-10T00:00:00Z,1,15.4,2.6,1,1.5,6,7.517,0,8,7.8,1005.58,11.1,61.38,17.2,3.2,-0.1,eor
1580,2023-04-11T00:00:00Z,1,13.4,4.3,1,3.2,6,7.033,0,6.6,7.8,1000.68,11.1,60.63,14.9,7.3,4.1,eor
1580,2023-04-12T00:00:00Z,1,15.1,2.6,1,8.6,6,2.55,0,5.7,9.7,990.03,9,84.13,14.5,3.5,1,eor
1580,2023-04-13T00:00:00Z,1,11,2.8,1,0.2,6,2.733,0,6.4,8.2,992.64,8,77.04,12.7,3.6,1.2,eor
1580,2023-04-14T00:00:00Z,1,5.6,1.7,1,0,0,12.583,0,3.4,6.8,995.67,8.5,64.75,15.3,2.3,-0.8,eor
1580,2023-04-15T00:00:00Z,1,13.4,3,1,0.2,6,4.75,0,7.1,7.7,997.98,8.5,71.17,15,2.1,-1,eor
1580,2023-04-16T00:00:00Z,1,11.7,3.3,1,0.1,6,1.3,0,7.4,9.5,1007.52,9.9,78.54,14,7.7,6.5,eor
1580,2023-04-17T00:00:00Z,1,8.6,2.2,1,0,0,0.75,0,7.4,8.8,1010.12,11.2,66.33,14.1,8.3,2.4,eor
1580,2023-04-18T00:00:00Z,1,10.7,3,1,0,0,3.25,0,6.6,8.5,1010.44,10.5,66.54,16,4.5,0.2,eor
